question,reponsive
 Hình thức phá án dựa vào dữ liệu duyệt web được thực hiện như thế nào?,"Hình thức phá án này diễn ra theo ba bước:
Cảnh sát sử dụng kỹ thuật ""hàng rào địa lý"", bắt đầu từ việc xác định địa điểm, thời gian phạm tội và vẽ hình tròn ảo xung quanh đó.
Kế tiếp, họ nộp đơn lên tòa án địa phương, đề nghị Google cung cấp dữ liệu liên quan như lịch sử duyệt web, từ khóa tìm kiếm, lịch trình di chuyển ghi nhận trên ứng dụng bản đồ của các thiết bị chứa tài khoản online ở nơi khoanh vùng.
Cảnh sát sau đó nghiên cứu và chọn lọc những đối tượng khả nghi nhất."
 Google đã nhận được bao nhiêu yêu cầu cung cấp thông tin từ cảnh sát Mỹ trong năm ngoái?,"Google đã nhận kỷ lục 60.472 yêu cầu cung cấp thông tin từ cảnh sát Mỹ năm ngoái, cao gấp hai so với thống kê năm 2019."
Google đã thực hiện những biện pháp gì để trấn an người dùng về việc bảo mật dữ liệu cá nhân?,"Google đã thực hiện một số biện pháp sau: Tăng cường nhân sự cho nhóm Hỗ trợ điều tra pháp lý (LIS) nhằm sàng lọc dữ liệu trước khi gửi đến cơ quan chức năng. Giới hạn lượng nội dung mỗi nhân viên LIS có quyền tiếp cận. Xem xét giảm bán kính khu vực cần cung cấp thông tin trong các vụ án mà cảnh sát yêu cầu. Thêm tùy chọn bật, tắt vào ""lịch sử vị trí"" trên ứng dụng bản đồ. Cam kết giữ dữ liệu vị trí của người dùng an toàn, riêng tư và trong tầm kiểm soát."
 Tài khoản Twitter của Samsung Brazil đã bình luận gì về video ca sĩ Rihanna?,"Tài khoản X của Samsung Brazil bình luận dưới một video về ca sĩ Rihanna: ""Tôi ở đây để thể hiện sức mạnh của Galaxy S24 Ultra""."
" Việc Samsung ""tự vả"" khi quảng cáo Galaxy S24 Ultra có thể dẫn đến những hậu quả gì?","Có thể ảnh hưởng đến hình ảnh của công ty, khiến người dùng mất niềm tin vào sản phẩm và làm giảm doanh số bán hàng."
Tại sao bình luận của Samsung Brazil lại gây tranh cãi?,"Vì video được quay bằng iPhone 13 Pro Max, chứ không phải Galaxy S24 Ultra như Samsung khẳng định."
"Phim hoạt hình ""Qianqiu Shisong"" có nội dung gì?","Phim nói về những bài thơ cổ kinh điển Trung Quốc và những câu chuyện đằng sau chúng, mỗi phần kéo dài khoảng 7 phút."
" Công nghệ AI được sử dụng như thế nào trong quá trình sản xuất phim ""Qianqiu Shisong""?","Các mô hình AI được sử dụng trong mọi giai đoạn của quy trình sản xuất, từ thiết kế nghệ thuật đến tạo video và hậu kỳ. Mô hình AI tạo sinh chuyên tạo video từ văn bản CMG Media GPT của China Media và công nghệ AI của SAIL được sử dụng để tạo ra các tác phẩm nghệ thuật và cảnh hoạt hình thể hiện phong cách tranh thủy mặc truyền thống của Trung Quốc."
" Mục đích của việc sử dụng công nghệ AI trong sản xuất phim hoạt hình ""Qianqiu Shisong"" là gì?","Mục đích là để tạo ra một công cụ thiết kế và ý tưởng hiệu quả, chi phí thấp cho nhà sản xuất hoạt hình, đồng thời thúc đẩy đổi mới công nghệ và xây dựng một công cụ mạnh mẽ để phục vụ cho một loại hình truyền thông chính thống quốc tế mới."
Bộ Thông tin và Truyền thông sẽ triển khai những nhóm giải pháp nào để ngăn chặn lừa đảo trực tuyến?,"Ba nhóm giải pháp lớn gồm:

Thể chế chính sách: hoàn thiện khung pháp lý, quy định về quản lý hoạt động trong lĩnh vực an toàn thông tin mạng; tăng cường thanh tra, kiểm tra, xử lý vi phạm;…
Kỹ thuật: triển khai các biện pháp giám sát, theo dõi, cảnh báo và ngăn chặn tên miền độc hại; phát triển cơ sở dữ liệu chống lừa đảo trực tuyến quốc gia;…
Tuyên truyền: đẩy mạnh tuyên truyền qua hệ thống truyền thanh cơ sở, Cổng không gian mạng quốc gia, Cẩm nang nhận diện và phòng chống lừa đảo, Chuỗi điểm tin về lừa đảo hàng tuần;…"
Tại sao Bộ Thông tin và Truyền thông chọn phương thức tuyên truyền mới qua hệ thống truyền thanh cơ sở?,"Khảo sát cho thấy nhiều nạn nhân lừa đảo trực tuyến là người sử dụng thiết bị Android màn hình nhỏ, giá rẻ, thường là người già và người thu nhập thấp. Nhóm này thường tiếp cận thông tin qua phương tiện truyền thống như loa phát thanh tại địa phương."
"Theo ông Trần Quang Hưng, Phó Cục trưởng An toàn thông tin, đâu là giải pháp quan trọng nhất để giảm thiểu lừa đảo trực tuyến?","Xử lý bài toán định danh, sim rác, thuê bao ngân hàng rác. Ông Hưng cho rằng: ""Đích đến của lừa đảo là tài chính. Khi xử lý được bài toán này, tôi tin lừa đảo trực tuyến sẽ giảm rõ rệt""."
 Blue Scuti đã đạt được thành tích gì trong Giải vô địch thế giới Tetris cổ điển (CTWC)?,Scuti đạt vị trí thứ hai trong Giải vô địch thế giới Tetris cổ điển (CTWC) diễn ra vào tháng 10 năm 2023.
"Scuti sử dụng chiến thuật gì để ""phá đảo"" Tetris?","Để giành chiến thắng, Scuti sử dụng hai chiến thuật là ""hypertapping"" và ""roll"", cho phép người chơi vận hành bộ điều khiển cầm tay NES với tốc độ nhanh hơn bằng cách kết hợp phím bấm với các thao tác cảm ứng ở mặt dưới tay cầm."
"Theo Scuti, điều gì khiến anh lo lắng nhất khi chơi Tetris?",Scuti lo lắng nhất khi chơi đến phút thứ 30 vì có 5 lần anh suýt thua.
"Blue Scuti đã ""phá đảo"" Tetris vào lúc nào?","Video về quá trình ""phá đảo"" game mới được đăng trên kênh YouTube của Scuti ngày 2/1."
Blue Scuti cảm thấy thế nào khi chơi đến phút thứ 30?,"Trả lời streamer ITZsharky sau đó, Scuti cho biết cậu cảm thấy lo lắng khi chơi được 30 phút. Trong thời gian này, có 5 lần cậu suýt thua. ""Tôi có thể thất bại sau một trong 5 lần đó, nhưng cuối cùng đã vượt qua"", Scuti chia sẻ."
Xiaomi nhận được giải thưởng gì tại Tech Awards 2023?,"Kết quả, trong nhóm Sản phẩm số, Xiaomi 13T Pro 5G nhận giải ""Điện thoại có camera ấn tượng nhất"" - hạng mục do người dùng bình chọn."
 Xiaomi 13T Pro 5G có những đặc điểm gì nổi bật?,"13T Pro 5G thuộc phân khúc tầm trung với thiết kế phẳng, vùng rìa bo cong nhẹ, hỗ trợ cầm nắm dễ dàng. Điểm đáng chú ý khác là cụm camera hợp tác cùng thương hiệu Leica, gồm một camera chính 50 megapixel, camera tele 50 megapixel và camera góc siêu rộng 12 megapixel.

Màn hình AMOLED kích thước 6,67 inch, độ phân giải 1.5K, hỗ trợ hiển thị hình ảnh sống động, chi tiết. Máy dùng chip MediaTek Dimensity 9200+ 8 nhân CPU, trong đó có một nhân Cortex-X3 xung nhịp lên tới 3.35 GHz, ba nhân Cortex-A715 xung nhịp 3 GHz và bốn nhân Cortex-A510 xung nhịp 2 GHz. Viên pin dung lượng 5.000 mAh, đáp ứng nhu cầu sử dụng suốt ngày dài."
Tech Awards là chương trình gì?,"Tech Awards là chương trình bình chọn thường niên từ 2012 của VnExpress Số Hóa, dành cho các sản phẩm và thương hiệu công nghệ nổi bật, bán chính hãng trong năm tại thị trường Việt Nam."
Kết quả trận chung kết Valorant Challengers 2024 Vietnam Split 1 là gì?,"Tại trận chung kết tổng diễn ra vào ngày 13/3, FPT Flash giành chiến thắng với kết quả 3-0."
FPT Flash đã thi đấu như thế nào trong trận chung kết?,"Ngay từ khi nhập cuộc, FPT Flash liên tục áp đảo đối thủ, từng có lúc dẫn trước tới 5-0. Ở ván một và hai, thế trận tương đối một chiều; bước sang ván ba Fancy United Esports bắt đầu rượt đuổi tỷ số. Tuy vậy đội ""tia chớp cam"" vẫn thể hiện sự phối hợp hiệu quả hơn, khai thác sơ hở từ đội bạn."
Apple mua lại công ty nào trong lĩnh vực AI?,"Theo Bloomberg, Apple đang tăng thêm sức mạnh AI của mình khi sáp nhập DarwinAI, nhưng số tiền chưa được tiết lộ."
Lý do Apple mua lại DarwinAI là gì?,"DarwinAI cũng có một giải pháp khác bằng trí tuệ nhân tạo cho phép thiết kế hệ thống phần cứng AI nhỏ hơn và nhanh hơn - yếu tố được xem là mang tính quyết định trong thương vụ.
""Điều này có thể hữu ích cho Apple, khi hãng đang tập trung vào việc chạy AI tạo sinh trên thiết bị phần cứng thay vì hoàn toàn trên đám mây"", Bloomberg bình luận."
Apple dự định sử dụng công nghệ AI của DarwinAI cho mục đích gì?,"Ngoài ra, việc thâu tóm cũng giúp Apple chiêu mộ nhân tài từ DarwinAI để phát triển tính năng mới trên iOS, trước mắt là iOS 18. Một trong số đó là Alexander Wong, người được mô tả là ""nhà nghiên cứu AI kiệt xuất"".
""Apple nhận thấy tiềm năng đột phá đáng kinh ngạc đối với AI có tính sáng tạo, đó là lý do chúng tôi đang đầu tư đáng kể vào mảng này"", Cook nói tại cuộc họp cổ đông thường niên của Apple qua hình thức trực tuyến ngày 28/2. ""Chúng tôi tin AI sẽ mở ra cơ hội giúp người dùng trong hệ sinh thái Apple tăng năng suất công việc, giải quyết vấn đề và hơn thế nữa"".
Theo Xda-Developers, trước mắt Apple có thể tập trung đưa AI lên phần mềm. Siri bị đánh giá là đã tụt hậu những năm qua so với các đối thủ, do đó đây là sản phẩm cần được nâng cấp sớm. AI mới cũng có thể được đưa lên iMessage, bổ sung tính năng trả lời tự động giống như Android."
Nhu cầu về công nghệ bán dẫn hiện nay như thế nào?,"Trong tọa đàm do Bộ Kế hoạch và Đầu tư tổ chức sáng 7/12 ở Hà Nội, ông John Neuffer, Chủ tịch Hiệp hội Công nghiệp bán dẫn Mỹ (SIA) đánh giá nhu cầu về công nghệ bán dẫn tiên tiến đang không ngừng tăng lên. Điều này đặt ra yêu cầu các quốc gia, như Mỹ và Việt Nam, cần hợp tác để nắm bắt cơ hội."
Doanh nghiệp Mỹ đầu tư vào ngành bán dẫn tại Việt Nam như thế nào?,"Đoàn SIA tới Việt Nam lần này có các tên tuổi lớn như Intel, Marvell, Synopsys, Qualcomm, Ampere, Infineon. Theo ông Neuffer, nhiều doanh nghiệp trong số này đã có các khoản đầu tư đáng kể vào Việt Nam thời gian qua, ví dụ như Intel đầu tư 1,5 tỷ USD từ năm 2006 và đang bước vào giai đoạn thứ hai mở rộng hoạt động đóng gói và kiểm thử (ATM). Nhà máy Intel tại TP HCM chiếm hơn 70% tổng khối lượng ATM của hãng, tạo ra hơn 7.000 việc làm. Ngoài ra, Amkor vừa mở nhà máy tại Bắc Ninh, còn Marvell thành lập một trong bốn trung tâm nghiên cứu và phát triển (R&D) lớn của hãng tại TP HCM.
""Nhiều doanh nghiệp đang tăng gấp đôi số tiền đầu tư của họ. Đây là minh chứng cho vai trò then chốt và ngày càng tăng của Việt Nam trong chuỗi cung ứng bán dẫn toàn cầu"", ông Neuffer nói."
Việt Nam cần làm gì để thu hút đầu tư vào ngành bán dẫn?,"Để tăng cường hợp tác giữa các bên, cũng như thúc đẩy ngành bán dẫn tại Việt Nam, ông Neuffer khuyến nghị Việt Nam đẩy mạnh lực lượng lao động, sớm đạt mục tiêu đào tạo 50.000-100.000 kỹ sư, khuyến khích cạnh tranh để thu hút đầu tư về R&D trong lĩnh vực, cải thiện cơ sở hạ tầng, mạng lưới giao thông, cùng chính sách thương mại phù hợp."
McCarthy chụp ảnh Mặt Trời vào thời điểm nào trong ngày?,"Nói với PetaPixel, McCarthy cho biết ông bắt đầu chụp ảnh từ 12/12/2023, mỗi ngày dành khoảng 30 phút đầu giờ chiều. ""Lúc đó, các luồng không khí di chuyển và tạo ra chỉ số khúc xạ phù hợp, nhờ đó cải thiện độ rõ nét và độ ổn định của các chi tiết nhỏ khi nhìn qua bầu khí quyển"", ông giải thích."
McCarthy sử dụng phương pháp nào để ghép ảnh Mặt Trời?,"Tôi sử dụng phương pháp gọi là drizzling để ghép ảnh, trong đó phần mềm cố gắng xác định dữ liệu giữa các pixel để mô phỏng độ dài tiêu cự cao hơn. Độ phân giải sẽ tăng lên rất nhiều nếu ảnh có chất lượng đủ cao và quá trình này cần hệ thống máy tính đủ mạnh"", McCarthy nói. ""Sau khi phần mềm xếp chồng ảnh lên nhau, tôi sẽ ghép chúng lại bằng tay thành tác phẩm cuối cùng""."
McCarthy sử dụng thiết bị gì để chụp ảnh Mặt Trời?,"Để chụp các bức ảnh, McCarthy sử dụng kính thiên văn AR127, chân kính thiên văn EQ6-R Pro, bộ lọc màu sắc khí quyển Baader D-ERF và Daystar Quark, bộ hiệu chỉnh phân tán khí quyển ZWO ADC và máy ảnh ASI174M dùng cảm biến CMOS của Sony. Hệ thống này hiện có giá hàng chục nghìn USD."
Thành tựu mới mà Intel và ASML đạt được là gì?,"Ngày 27/2, Giám đốc công nghệ Intel Ann Kelleher lần đầu đề cập đến bước tiến mới tại Hội nghị thạch bản SPIE ngày 27/2 ở San Jose (Mỹ). ASML xác nhận thông tin sau đó.
Theo công ty Hà Lan, thành tựu được thực hiện trên máy quang khắc thạch bản cực tím (EUV) Twinscan High-NA, tức Twinscan EXE:5000. Cỗ máy được hãng Hà Lan công bố tháng trước có kích thước bằng một chiếc xe buýt hai tầng, nặng 150 tấn và có giá hơn 380 triệu USD mỗi chiếc. Kelleher cho biết hệ thống đạt ""First Light"" trên tấm bán dẫn phản kháng. Nghĩa là, máy sử dụng trong thử nghiệm trên tấm bán dẫn silicon đã được xử lý bằng hóa chất nhạy sáng để nó sẵn sàng tiếp nhận. Điều này giúp cỗ máy ""in"" được chip nhiều hơn vào một diện tích so với trước đây."
"""First Light"" là gì?","Về mặt kỹ thuật, First Light chính là 'ánh sáng đầu tiên' trong quá trình quang khắc chip siêu nhỏ"", Marc Assinck, phát ngôn viên của ASML, giải thích. Tuy nhiên, công ty vẫn đang hiệu chỉnh Twinscan High-NA ở Hà Lan nên máy vẫn chưa in các mẫu chip thử nghiệm đầu tiên."
" Tại sao việc đạt được ""First Light"" là một bước tiến quan trọng?","Cột mốc ""First Light"" cho thấy một trong những thành phần chính của hệ thống Twinscan EXE:5000 đang hoạt động theo tính toán, dù chưa đạt hiệu suất cao nhất."
Intel dự định sử dụng công nghệ mới này như thế nào?,"Tại một sự kiện diễn ra tuần trước, Intel cho biết công ty dự định sử dụng EUV tiên tiến của ASML trong sản xuất thế hệ chip 14A của mình. Công nghệ 14A cho phép Intel sản xuất các chip với tiến trình siêu nhỏ, được CEO Pat Gelsinger kỳ vọng ""giành lại vương miện sản xuất chip"" đã rơi vào tay TSMC của Đài Loan."
So sánh khả năng của máy in thạch bản Twinscan High-NA với các hệ thống EUV trước đây?,"Máy in thạch bản Twinscan High-NA của ASML được trang bị hệ thống quang học có khẩu độ số 0,55, có thể đạt độ phân giải bước sóng xuống tới 8 nm chỉ với một lần phơi sáng, thấp hơn nhiều so với hầu hết hệ thống EUV NA điển hình của ASML, vốn cung cấp độ phân giải 13,5 nm với một lần phơi sáng. Điều này giúp tăng mật độ linh kiện lên 2,9 lần so với dòng EUV trước đó."
Sản phẩm nào được giới thiệu tại Tech Show 2023?,"Sản phẩm mà ông Nhật nhắc đến là The Cyberdog 2 - thế hệ chó robot thông minh mới nhất của Xiaomi. Với kích thước gọn gàng hơn bản tiền nhiệm, chỉ 8,9 kg như một chú chó bình thường, robot có thể thực hiện các thao tác nhanh, chính xác."
The Cyberdog 2 có những tính năng gì?,"Chó có thể nhìn rõ tường tận, nhìn rõ môi trường và chủ nhân, trang bị nhiều cụm camera như đo chiều sâu, AI tăng tính tương tác, theo dấu chủ nhân. Camera góc rộng 146 độ giúp thiết bị nhìn rõ xung quanh để thực hiện những bài khó như nhào lộn, trượt ván. Khả năng nghe tường tận với hệ thống 4 micro, nhận thức tường tận - phản hồi với tương tác."
The Cyberdog 2 có giá bao nhiêu và được bán ở đâu?,"Hiện tại giá của The Cyberdog 2 chưa được công bố. Theo đại diện Xiaomi, sản phẩm hiện chỉ có tại thị trường Trung Quốc nhưng sẽ sớm phát hành trên toàn cầu."
Logitech giới thiệu giải pháp gì tại Tech Show 2023?,"Bà Jacklyn Chia giới thiệu xu hướng làm việc hybrid và giải pháp ""làm việc liền mạch"" của Logitech. Giải pháp bao gồm bộ sản phẩm từ bàn phím, chuột đến thiết bị kết nối và phần mềm tùy chỉnh nhằm tối ưu hóa mọi trải nghiệm, thậm chí giữa các hệ điều hành khác nhau."
Aqua giới thiệu sản phẩm gì tại Tech Show 2023?,"Ông Nguyễn Phan Việt Phương giới thiệu máy giặt thông minh Color AI Series với nhiều công nghệ tiên tiến như lồng giặt lớn 601 mm, AI Smart Wash tối ưu chu trình giặt, công nghệ Smart Dosing tự phân bổ nước giặt xả. Ngoài ra động cơ truyền động trực tiếp DD Inverter tiết kiệm điện, hỗ trợ điều khiển thông minh từ xa bằng Wi-Fi. Nổi bật còn có màn hình cảm ứng đa màu sắc, nâng cao tính thẩm mỹ và độ tiện dụng."
Tính năng Resume Parsing là gì?,"Tính năng Resume Parsing áp dụng AI để giải quyết khâu đọc hồ sơ xin việc (resume, CV) của người Việt, phân tích hồ sơ bằng tiếng Anh và tiếng Việt, giúp giảm thao tác cho ứng viên, cũng như rút ngắn thời gian, tăng hiệu quả cho nhà tuyển dụng."
Tại sao việc áp dụng AI để phân tích CV của người Việt là một thách thức?,"Điểm thường thấy ở nhiều hồ sơ xin việc của người Việt là sử dụng mẫu thiết kế cầu kỳ, đa dạng, nhiều ảnh, có cả tiếng Việt và tiếng Anh. Nhiều ứng viên muốn thu hút sự chú ý cũng sử dụng cách thể hiện khác biệt, tạo ra CV không theo chuẩn chung. Ngoài ra, tùy ngành nghề, kỹ năng và kinh nghiệm, sẽ có rất nhiều biến thể CV, trở thành thách thức với các công cụ phân tích nếu không am hiểu ngôn ngữ."
CareerViet giải quyết thách thức này như thế nào?,"Theo CEO CareerViet Bùi Ngọc Quốc Hưng, công ty sử dụng cơ sở dữ liệu ban đầu từ hơn năm triệu ứng viên trên mạng lưới với đa dạng mẫu CV, ngành nghề, cách viết khác nhau, để tăng cường khả năng nhận dạng và phân tích. Từ đó, đội ngũ phát triển thuật toán parsing có khả năng xử lý nhiều định dạng và cấu trúc của CV. Ngoài ra khi đưa vào hoạt động, hệ thống sẽ thường xuyên kiểm tra và cập nhật thuật toán parsing dựa trên phản hồi từ người dùng và dữ liệu mới, khoảng 20 nghìn hồ sơ mỗi tháng, để nâng cao hiệu suất và độ chính xác."
 Lợi ích của việc sử dụng tính năng Resume Parsing là gì?,"Đối với ứng viên: Giảm thao tác điền thông tin thủ công. Hỗ trợ gợi ý công việc phù hợp
Đối với nhà tuyển dụng: Giảm 80% thời gian xử lý hồ sơ. Tìm kiếm, so sánh và phân loại ứng viên tiềm năng dễ dàng. Xây dựng cơ sở dữ liệu nhân sự được chuẩn hóa, hỗ trợ việc thu hút, giữ chân nhân tài."
Tốc độ trích xuất thông tin từ CV của tính năng Resume Parsing là bao nhiêu?,"Theo công bố từ nền tảng, tốc độ trích xuất hiện đạt 0,1 giây với mỗi hồ sơ cơ bản."
Lý do nào khiến ứng dụng NCC lên top 1 ứng dụng giải trí được tải nhiều nhất trên App Store?,"Nguyên nhân chính được cho là nhờ hiệu ứng phim Đào, phở và piano."
Ứng dụng NCC đang gặp phải vấn đề gì?,"Tuy nhiên trên cả kho ứng dụng của Apple và Google, ứng dụng đang nhận hàng loạt đánh giá một sao với lý do hoạt động lỗi, không thể tải, không kết nối được máy chủ (server)."
Nguyên nhân nào khiến ứng dụng NCC bị lỗi?,"Theo ông Trần Tuấn, Giám đốc công nghệ một công ty phần mềm tại TP HCM, việc trang web, ứng dụng bị treo, không truy cập được có thể do server quá tải. ""Vấn đề này đến từ thiết kế hệ thống ban đầu không tính trước lượng truy cập có thể tăng đột biến. Tuy nhiên, việc website hiển thị thông báo 'không thể truy cập' trong thời gian dài như Trung tâm Chiếu phim Quốc gia là do họ chủ động ngắt kết nối khỏi server, chứ không phải sập do quá tải truy cập cùng lúc"", ông Tuấn giải thích."
"Trung tâm Chiếu phim Quốc gia đang bán vé phim Đào, phở và piano như thế nào?","Trên trang Facebook, Trung tâm Chiếu phim Quốc gia thông báo hiện chỉ bán vé xem phim Đào, phở và piano trực tiếp tại quầy. Fanpage cũng liên tục cập nhật các suất chiếu, số lượng vé còn trống."
"Ngoài ứng dụng NCC, còn có ứng dụng nào khác gặp vấn đề tương tự?","Ngoài NCC, một ứng dụng Việt khác là Beta Cinemas cũng lên top 3 ứng dụng giải trí được tải nhiều trên App Store, sau khi rạp này thông báo sẽ chiếu phim Đào, phở và piano. Tuy nhiên, cả trang web và ứng dụng này cũng đang lỗi, truy cập chập chờn do quá tải."
Vụ tấn công DDoS sử dụng bàn chải thông minh nhắm vào mục tiêu nào?,Trang web của một công ty có trụ sở ở Thụy Sĩ.
 Hậu quả của vụ tấn công này là gì?,"Trang web không chịu được sức ép vì quá tải, gây tổn hại ước tính hàng chục triệu euro do các dịch vụ bị gián đoạn."
Tại sao hacker sử dụng bàn chải thông minh để tấn công DDoS?,"Bàn chải thông minh có kết nối Internet và chạy hệ điều hành dựa trên Java - một nền tảng yếu về bảo mật và không được cập nhật thường xuyên. Do đó, chúng dễ bị nhiễm phần mềm độc hại và trở thành ""thiết bị ma"" trong mạng botnet của hacker."
"Ngoài bàn chải thông minh, những thiết bị nào khác có thể bị hacker sử dụng để tấn công DDoS?","Bộ định tuyến, hộp giải mã tín hiệu, camera giám sát, chuông cửa, máy giặt kết nối wifi…"
"Theo các chuyên gia, xu hướng tấn công DDoS sẽ như thế nào trong tương lai?","Với sự phổ biến của 5G và IoT, kẻ tấn công có thể kiểm soát hàng triệu thiết bị và tạo ra các mạng botnet lớn để thực hiện DDoS nhiều hơn trong tương lai."
"""Bộ não bỏng ngô"" là gì?","""Bộ não bỏng ngô"" là xu hướng chú ý và tập trung của một người chuyển nhanh từ thứ này sang thứ khác, giống như nổ ngô."
"Ai là người đầu tiên đưa ra thuật ngữ ""não bỏng ngô""?","Nhà nghiên cứu David Levy của Đại học Washington là người đầu tiên đưa ra thuật ngữ ""não bỏng ngô"" vào năm 2011."
"Mạng xã hội ảnh hưởng như thế nào đến ""não bỏng ngô""?","Việc cuộn và duyệt quá mức các bài viết trên mạng xã hội và website sẽ kích hoạt và giải phóng dopamine, thúc đẩy các chu trình trong não và dẫn đến ""não bỏng ngô""."
"Theo thời gian, ""não bỏng ngô"" có thể dẫn đến những gì?","Theo thời gian, ""não bỏng ngô"" có thể dẫn đến cảm giác bồn chồn về tinh thần, giảm khả năng tập trung, trí nhớ và sự điều tiết cảm xúc."
"Làm thế nào để giảm thiểu tình trạng ""não bỏng ngô""?","Có một số cách để giảm thiểu tình trạng ""não bỏng ngô"", như hạn chế sử dụng công nghệ, tham gia hoạt động không màn hình, tập trung vào một việc duy nhất, xóa bớt các ứng dụng, và sử dụng phương pháp ""giải độc kỹ thuật số""."
Khi nào cuộc đấu giá tần số 5G thứ hai diễn ra?, Chiều 19/3.
Ai là nhà mạng trúng đấu giá thành công?,Tập đoàn Bưu chính Viễn thông Việt Nam (VNPT).
Khối băng tần VNPT trúng đấu giá có ưu điểm gì?,"Khối băng tần C2 (3700-3800MHz) có lợi thế về băng thông lớn, tốc độ mạnh, độ trễ thấp."
VNPT sẽ làm gì để thúc đẩy 5G?,"VNPT sẽ tích cực chuẩn bị để sớm thương mại hóa 5G thành công, đồng thời phát triển hệ sinh thái sản phẩm, dịch vụ số để phát huy tối đa sức mạnh của thế hệ mạng mới."
VNPT sẽ hợp tác với nhà mạng nào để triển khai 5G?,VNPT sẽ hợp tác chia sẻ hạ tầng với nhà mạng trúng băng tần 3800-3900 MHz trong lần đấu giá sắp tới.
 Chuyên gia Benedict Evans nhận xét gì về Vision Pro và Meta Quest?,"Evans cho rằng Vision Pro có nhiều hạn chế, nhưng ông bối rối khi các kỹ sư Meta nói rằng nó giống hệt Quest."
Mark Zuckerberg phản ứng thế nào trước nhận xét của Evans?,Zuckerberg cho rằng Quest tốt hơn Vision Pro.
"Theo Zuckerberg, Vision Pro có điểm gì tốt hơn Quest?",Vision Pro có màn hình độ phân giải cao hơn.
Zuckerberg cho rằng Vision Pro có điểm gì không tốt bằng Quest?,Vision Pro có tính công thái học kém hơn và hình ảnh bị mờ khi đầu chuyển động nhanh.
 Doanh số bán Vision Pro và Quest hiện nay như thế nào?,"Apple ước tính bán được hơn 200.000 Vision Pro, giá khởi điểm 3.500 USD. Trong khi đó, Meta bán được 20 triệu máy Quest sau khi ra mắt năm 2019 đến nay."
Nhà máy chip trị giá 40 tỷ USD của TSMC ở Arizona sẽ hoàn thành khi nào?,Nhà máy sẽ hoàn thành vào năm 2027-2028 thay vì 2026 như dự định.
Lý do nào khiến TSMC lùi kế hoạch xây dựng nhà máy?,TSMC cần thêm thời gian để xem xét chính phủ Mỹ có thể cung cấp bao nhiêu ưu đãi.
TSMC đã liên hệ với ai để thảo luận về vấn đề ưu đãi?,"TSMC đã liên hệ và thảo luận với các quan chức Mỹ, gồm cả vấn đề tín dụng thuế."
TSMC sẽ sản xuất loại chip nào tại nhà máy ở Arizona?,"Nhà máy đầu tiên sẽ sản xuất chip 4 nm từ nửa đầu 2025, nhà máy thứ hai sẽ sản xuất chip 3 nm hoặc loại chip khác tùy thuộc vào chính sách của Mỹ."
Tại sao TSMC chuyển hướng sang Nhật Bản?,"TSMC chuyển hướng sang Nhật Bản vì văn hóa làm việc tương đồng, mạng lưới nhà cung cấp vật liệu gần và rộng khắp, đồng thời chính phủ Nhật Bản dễ dàng giải quyết yêu cầu và hào phóng với các khoản trợ cấp."
Tại sao chi phí sản xuất chip 2 nm lại cao hơn so với chip 3 nm?,Chip 2 nm đòi hỏi nhiều công cụ sản xuất phức tạp hơn và cần nhiều máy quang khắc cực tím (EUV) tốn kém.
Chi phí xây dựng nhà máy sản xuất chip 2 nm là bao nhiêu?,"Theo IBS, để xây một nhà máy sản xuất chip 2 nm với công suất 50.000 tấm wafer mỗi tháng (WSPM) tốn ít nhất 28 tỷ USD."
Chi phí sản xuất một chip 3 nm hiện nay là bao nhiêu?,"Theo Arete Research, mỗi chip 3 nm của Apple hiện tốn gần 50 USD để sản xuất."
Chi phí sản xuất một chip 2 nm dự kiến sẽ là bao nhiêu?,"Theo IBS, nếu chuyển sang tiến trình chip 2 nm, Apple sẽ cần 30.000 USD để làm ra một tấm wafer, đắt hơn 10.000 USD so với hiện tại. Từ đó, giá sản xuất một chip 2 nm dự kiến sẽ cao hơn 40 USD."
Tại sao bộ xử lý smartphone có thể sẽ giữ nguyên thiết kế trong một thời gian dài?,"Do giá chip 2 nm còn quá cao, nhiều khả năng các nhà sản xuất smartphone sẽ giữ nguyên thiết kế hiện tại để giảm giá thành sản phẩm."
Johnson trả lời ý kiến của Chen như thế nào?,"Johnson trả lời rằng ""các chuẩn mực sẽ vẫn vô hình cho đến khi bị khiêu khích""."
Johnson nói gì về sự khác biệt giữa mình và Elon Musk?,"Johnson cho rằng mình ""uống máu bạn nhưng nuôi bạn"", còn Musk ""sẽ sa thải và để bạn chết"", đề cập việc Musk sa thải hàng loạt tại X."
Socialbeat có khả năng thu thập dữ liệu từ những nền tảng mạng xã hội nào?,"Socialbeat có khả năng thu thập dữ liệu từ Facebook, Twitter, Instagram, YouTube và nhiều nền tảng mạng xã hội khác."
 Socialbeat sử dụng công nghệ gì để phân tích dữ liệu?,Socialbeat sử dụng công nghệ AI và học máy để phân tích dữ liệu.
Socialbeat giúp ích gì cho các tổ chức?,"Socialbeat giúp các tổ chức quản lý và định hình dư luận công cộng, theo dõi và phân tích trào lưu, ý kiến và cảm xúc trên mạng, nắm bắt diễn biến thông tin của các nhóm thù địch."
Tại sao TP HCM cần phần mềm Socialbeat?,"TP HCM có hơn 10 triệu dân với 22 triệu tài khoản mạng xã hội, 200 cơ quan báo chí, 355 mạng xã hội và hơn 1.000 trang thông tin điện tử. Do đó, thành phố cần một công cụ để thu thập, đánh giá thông tin phục vụ cho việc chỉ đạo, điều hành và hiểu hơn về nguyện vọng người dân."
Socialbeat mang lại lợi ích gì?,"Socialbeat giúp tiết kiệm thời gian, nguồn nhân lực và chi phí đầu tư. Ví dụ, trong 8 ngày Tết Nguyên đán, hệ thống đã ghi nhận 65% thông tin về thành phố là tích cực, 25% trung lập và 10% tiêu cực. Từ đó, thành phố có thể điều chỉnh cho phù hợp."
Elon Musk mất bao nhiêu tiền trong năm 2023?,"Tỷ phú công nghệ 52 tuổi bước sang 2023 với khối tài sản giảm gần 200 tỷ USD, trở thành người mất nhiều tiền nhất trong một năm."
 Elon Musk làm gì với Twitter sau khi mua lại?,"Sau khi mua lại Twitter, Musk đổi tên thành X, sa thải đa số nhân sự, bán tích xanh với giá 8 USD, và đưa ra nhiều chính sách gây tranh cãi."
Doanh thu quảng cáo của Twitter sụt giảm như thế nào sau khi Elon Musk tiếp quản?," Theo Musk, doanh thu quảng cáo ""giảm 50%"" vào tháng 3, giảm 60% vào tháng 9."
Elon Musk thách đấu Mark Zuckerberg vì lý do gì?,"Musk thách đấu Zuckerberg vì Zuckerberg chuẩn bị công bố Threads, mạng xã hội có cơ chế hoạt động tương tự Twitter."
Elon Musk và Grimes tranh chấp quyền nuôi con như thế nào?,"Musk kiện Grimes ở Texas để ""thiết lập mối quan hệ cha mẹ và con cái"" với ba con chung. Grimes kiện ngược Musk ở California để giành quyền nuôi con."
Sam Altman dự đoán điều gì về tốc độ của các cuộc cách mạng công nghệ trong tương lai?,"Altman dự đoán ""mỗi cuộc cách mạng công nghệ đều sẽ diễn ra nhanh hơn trong tương lai"" và AI sẽ châm ngòi cho cuộc cách mạng công nghệ nhanh nhất trong lịch sử loài người."
Bill Gates nhận định gì về tác động của AI đối với con người?,"Gates cho rằng AI đang ""buộc con người phải thích ứng nhanh hơn bao giờ hết""."
Altman lo lắng điều gì khi phát hành ChatGPT?,Altman lo sợ OpenAI đã làm điều gì đó thực sự tồi tệ khi tung ra ChatGPT và có thể có điều gì đó khó khăn và phức tạp đang ẩn chứa trong mô hình này.
Altman chia sẻ gì về việc bị sa thải khỏi OpenAI?,"Altman cho rằng đó là một khoảng thời gian thú vị và là động lực để OpenAI trở nên tốt hơn, sẵn sàng đương đầu với thách thức."
Lý do thực sự khiến Altman bị sa thải là gì?," Theo bài báo, nguyên nhân thực sự chưa được tiết lộ chi tiết."
Video Elon Musk đăng tải về Optimus gấp áo sơ mi có gì đặc biệt?,"Video thu hút 27,2 triệu lượt xem cùng 131.000 lượt thích và 15.000 bình luận."
Nhiều người nhận ra điều gì về cách Optimus hoạt động trong video?,Optimus không tự hoạt động mà được kết nối với hệ thống dây dẫn do con người điều khiển phía sau.
Công nghệ điều khiển robot bằng thao tác được sử dụng trong video có mới hay không?," Công nghệ này không mới, thực tế đã có từ những năm 1960."
"Sau khi video được đăng tải, Elon Musk nói gì về khả năng tự hoạt động của Optimus?","Musk ""lưu ý quan trọng"" rằng Optimus chưa thực hiện việc gấp quần áo một cách tự động nhưng chắc chắn có thể làm điều đó trong tương lai."
Mục tiêu bán robot hình người của Tesla vào năm 2027 có khả thi hay không?,Mục tiêu này có thể khó thành hiện thực vì các sản phẩm của Musk nổi tiếng chậm tiến độ và các đối thủ của Tesla đã đạt thành tựu nhất định trong lĩnh vực robot hình người.
Trung Quốc đã triển khai 5G như thế nào?,"Trung Quốc đã tích cực mở rộng mô hình kinh doanh mới ứng dụng 5G trong nhiều ngành nghề và được xem là hình mẫu về cách triển khai và ứng dụng 5G vào cuộc sống, sản xuất."
Trung Quốc đã đạt được những thành tựu gì trong việc ứng dụng 5G?,"Tính đến hết tháng 10/2023, Trung Quốc đã xây dựng gần 3,22 triệu trạm gốc 5G, có 754 triệu người dùng điện thoại 5G, và ứng dụng 5G vào nhiều lĩnh vực như Internet công nghiệp, thành phố thông minh, khai thác mỏ, cảng, thép, chăm sóc sức khỏe."
Ứng dụng 5G mang lại lợi ích gì cho ngành khai thác mỏ?,"5G giúp thay thế công nhân bằng máy móc, nâng cao hiệu quả khai thác, ví dụ như mỏ Hongliulin đã thay thế 18% số công nhân bằng máy móc nhờ 5G."
5G mang lại những thay đổi gì cho ngành công nghiệp Trung Quốc?,"5G đã mang lại những thay đổi mang tính cách mạng cho ngành công nghiệp Trung Quốc, giúp nhiều khu công nghiệp 5G được thành lập, và cảng Thanh Đảo trở thành cảng tự động đầu tiên ở châu Á."
Trung Quốc đang nghiên cứu những công nghệ mạng nào sau 5G?,"Trung Quốc đang thử nghiệm mạng 5.5G và đạt được những bước tiến đột phá, đồng thời thành lập nhóm Thúc đẩy Nghiên cứu Phát triển Quốc gia về 6G từ 2019."
"Lý do gì khiến Việt Nam được xem là ""Thung lũng Silicon tiềm năng""?","Việt Nam có nhiều sinh viên tài năng du học trở về, thúc đẩy chuỗi cung ứng điện tử và nền kinh tế kỹ thuật số đang phát triển nhanh chóng."
"Quỹ Giáo dục Việt Nam (VEF) có vai trò gì trong việc phát triển ""Thung lũng Silicon"" Việt Nam?","VEF là ví dụ điển hình về thành quả của những chương trình du học khi các cựu sinh viên đã trưởng thành và khẳng định được vị thế của mình trong nền kinh tế Việt Nam, góp phần thành lập startup danh tiếng và doanh nghiệp nổi bật."
"Theo dự báo, nền kinh tế Internet của Việt Nam sẽ phát triển như thế nào?","Việt Nam được dự báo chứng kiến sự gia tăng lớn nhất khu vực Đông Nam Á về quy mô nền kinh tế Internet vào năm 2025, với tốc độ tăng trưởng vượt bậc trong các giao dịch đầu tư mạo hiểm từ 2025 đến 2030."
Lý do gì khiến nhiều nhà đầu tư lớn rót vốn vào các startup Việt Nam?,"Việt Nam đang trở thành trung tâm công nghệ mới của Đông Nam Á khi số lượng startup và thương vụ đầu tư tăng mạnh, thu hút các nhà đầu tư lớn như Sequoia Capital, Warburg Pincus LLC và Alibaba."
" Theo các nhà phân tích, Việt Nam cần cải thiện điều gì để phát triển ""Thung lũng Silicon"" thành công?","Việt Nam cần nâng cao hiệu suất lao động, đặc biệt là kỹ sư, để đáp ứng nhu cầu phát triển của các công ty công nghệ. Bên cạnh đó, cần tìm kiếm những người sáng lập và đối tác có thể tin tưởng để xây dựng doanh nghiệp có tiêu chuẩn quản trị và liêm chính."
 Ông đánh giá thế nào về hành trình một năm qua của bộ phận Công nghệ Tòa nhà Bosch tại Việt Nam?,"Chúng tôi đã đạt mức tăng trưởng hơn 20%, trong đó mảng âm thanh tăng trưởng 70% so với năm ngoái."
Bí quyết nào giúp công ty lội ngược dòng trong bối cảnh nhiều lĩnh vực vẫn chưa phục hồi?," Chúng tôi linh hoạt thích ứng với nhu cầu thị trường, chú trọng trải nghiệm khách hàng, và tận dụng thế mạnh trong các lĩnh vực liên quan đến dự án của Chính phủ, doanh nghiệp, giao thông vận tải."
Yếu tố tiên quyết nào giúp Bosch chinh phục được khách hàng Việt Nam?,"Chìa khóa chính là sự lắng nghe và thấu hiểu thị trường, khách hàng và đối tác."
Dòng sản phẩm và chiến lược nào mà ông cùng đội ngũ cộng sự định hướng phát triển mạnh trong năm 2024 tới?," Chúng tôi tập trung vào giải pháp cho giao thông thông minh, sân bay, giao thông đô thị, nhà máy thông minh và tòa nhà thông minh. Đồng thời, đẩy mạnh phân khúc loa di động, sử dụng pin."
"Trong tầm nhìn của ông, thương hiệu Bosch sẽ như thế nào tại Việt Nam trong 10 năm tới?","Bosch sẽ đạt được bước tiến vượt trội trong nhận diện thương hiệu, cung cấp các công nghệ và dịch vụ vượt trội cho khách hàng tổ chức và doanh nghiệp. Sản phẩm của Bosch sẽ trở nên quen thuộc và gần gũi hơn với khách hàng Việt Nam."
Mục đích chính của chuyến thăm Việt Nam của ông Jensen Huang là gì?,"Thúc đẩy hợp tác giữa Nvidia và Việt Nam trong lĩnh vực bán dẫn, đồng thời bàn về khả năng hợp tác với các doanh nghiệp trong nước."
Nvidia dự kiến sẽ ký kết thỏa thuận chuyển giao công nghệ với công ty nào tại Việt Nam?,Hiện tại thông tin này chưa được tiết lộ.
Thủ tướng Phạm Minh Chính đã đề nghị gì với ông Jensen Huang trong chuyến thăm Thung lũng Silicon hồi tháng 9?,Thủ tướng đề nghị Nvidia sớm đặt nhà máy sản xuất tại Việt Nam và lấy Việt Nam làm cứ điểm sản xuất tại khu vực Đông Nam Á.
CEO Nvidia đánh giá như thế nào về Việt Nam?," Ông đánh giá Việt Nam đang có những thay đổi rất lớn và mong muốn tăng cường hợp tác với Việt Nam về bán dẫn, công nghệ thông tin và trí tuệ nhân tạo."
Ông Jensen Huang là ai và có vai trò gì trong ngành bán dẫn?," Ông là nhà đồng sáng lập và CEO của Nvidia, công ty sản xuất chip đồ họa và chip AI hàng đầu thế giới. Ông được mệnh danh là ""ngôi sao"" của ngành bán dẫn với những thành tựu to lớn trong lĩnh vực này."
 Chương trình khuyến mãi của SCTV diễn ra trong thời gian nào?,"Chương trình được chia thành 2 giai đoạn:

Giai đoạn 1: Từ ngày 1/1 đến hết ngày 31/3.
Giai đoạn 2: Từ ngày 1/2 đến 31/3."
Khách hàng sẽ nhận được ưu đãi gì khi đóng trước cước phí?,"Miễn phí hòa mạng khi đóng trước từ 2 tháng cước.
Nhận thêm tháng sử dụng khi đóng trước từ 2 đến 12 tháng.
Tặng thêm quà tặng giá trị từ SCJ (áp dụng có điều kiện)."
SCTV khuyến khích khách hàng thanh toán cước phí bằng hình thức nào?, Thanh toán online qua ví điện tử hoặc chuyển khoản ngân hàng.
Khách hàng sẽ nhận được ưu đãi gì khi thanh toán online?,"Tặng 3 tháng sử dụng gói SCTV Online Premium.
Tặng thêm 1 tháng sử dụng truyền hình, Internet khi đóng trước 6 tháng.
Tặng thêm 1 phần quà khi đóng trước 12 tháng (áp dụng có điều kiện)."
SCTV cung cấp những dịch vụ gì cho khách hàng?,"Dịch vụ truyền hình cáp với gần 200 kênh đa dạng về lĩnh vực.
Dịch vụ Internet tốc độ cao và ổn định.
Ứng dụng SCTV Online để xem truyền hình và giải trí mọi lúc mọi nơi."
 Mục đích thành lập Công viên Khoa học Tân Trúc là gì?,"Ban đầu, HSP được thành lập để trở thành trung tâm sản xuất PC với các ưu đãi về thuế và đất đai. Sau đó, nơi đây chuyển mình thành khu vực sản xuất bán dẫn cao cấp."
 HSP đóng vai trò gì trong sự phát triển của ngành công nghệ Đài Loan?,"HSP là nỗ lực của Đài Loan nhằm xây dựng ngành công nghiệp công nghệ chủ đạo, đào tạo lực lượng lao động chất lượng cao và ươm tạo các công ty công nghệ mới nổi."
Tại sao HSP lại thành công?,"Sự kết hợp giữa chương trình giáo dục và đào tạo chất lượng cao.
Môi trường thuận lợi cho các công ty thành lập và tìm kiếm đối tác.
Nguồn nhân lực dồi dào với kỹ năng nghề nghiệp cao."
HSP có ảnh hưởng gì đến các công ty công nghệ?,"Cung cấp cơ sở hạ tầng và đất đai cần thiết cho hoạt động sản xuất.
Giúp các công ty dễ dàng thành lập và phát triển.
Góp phần vào thành công của nhiều công ty công nghệ lớn như TSMC, UMC, MediaTek."
Tương lai của HSP sẽ như thế nào?,"HSP sẽ tiếp tục là trung tâm của ngành công nghiệp chip Đài Loan và thế giới. Hệ sinh thái ngày càng phát triển sẽ thu hút nhiều công ty và nhà cung cấp, tạo điều kiện cho sự thành công của ngành công nghiệp bán dẫn."
Anna Makanju là ai?,"Anna Makanju là Phó chủ tịch phụ trách các vấn đề toàn cầu của OpenAI, được xem là nhân tố quan trọng biến CEO Sam Altman thành đại sứ trong lĩnh vực AI."
Makanju có vai trò gì trong việc đưa ChatGPT ra đại chúng?,Makanju là người đề xuất tung ra ChatGPT sớm hơn dự kiến để giúp công chúng và các nhà hoạch định chính sách hiểu được công nghệ AI.
Makanju đã làm gì để giúp Altman được các nhà hoạch định chính sách tin tưởng?,Makanju đã dành thời gian thuyết phục các nhà hoạch định chính sách bằng thông điệp: Hãy điều chỉnh OpenAI.
Makanju đã chuẩn bị gì cho Altman trước khi ông xuất hiện lần đầu ở Đồi Capitol?,Makanju đã huấn luyện Altman về cấu trúc của các phiên điều trần quốc hội và nhịp độ của cuộc trò chuyện.
 Makanju dự đoán điều gì sẽ thay đổi trong năm nay về cách OpenAI phản ứng với các dự luật AI?,Makanju dự đoán OpenAI sẽ ủng hộ hoặc phản đối các dự luật AI thay vì chỉ quan sát như hiện tại.
Vụ kiện tập thể chống lại Google liên quan đến vấn đề gì?,Vụ kiện tập thể cáo buộc Google xâm phạm quyền riêng tư của người dùng khi theo dõi họ trong chế độ Ẩn danh.
Google bị cáo buộc thu thập những thông tin gì?,"Google bị cáo buộc thu thập thông tin cá nhân như người dùng truy cập website nào, xem gì trên mạng, sở thích, thói quen mua sắm, món ăn yêu thích, v.v., dù họ sử dụng chế độ Ẩn danh."
Nhóm khởi kiện yêu cầu bồi thường bao nhiêu tiền?,Nhóm khởi kiện yêu cầu Google bồi thường 5 tỷ USD.
Kết quả của vụ kiện tập thể chống lại Google hiện nay như thế nào?,Vụ kiện đã được hoãn đến ngày 5/2/2024 và hai bên đang tiến tới hòa giải.
 Công việc đầu tiên của Jensen Huang là gì?,Công việc đầu tiên của Jensen Huang là rửa bát tại chuỗi nhà hàng Denny's.
"Theo Huang, bài học quan trọng nhất ông học được từ công việc rửa bát là gì?","Bài học quan trọng nhất là ""không có nghề nào thấp kém"" và cần làm việc chăm chỉ, hiệu quả."
Huang gặp gỡ những ai để thành lập Nvidia?,Huang gặp Chris Malachowsky và Curtis Priem tại nhà hàng Denny's để thảo luận về việc thành lập Nvidia.
Lý do nào khiến Huang và các cộng sự thành lập Nvidia?,"Họ muốn ""tạo một con chip cho phép đồ họa 3D hiển thị chân thực trên thiết bị cá nhân - máy tính""."
Lời khuyên nào Huang dành cho sinh viên mong muốn trở thành doanh nhân thành đạt?,"Huang khuyên sinh viên nên ""kỳ vọng thấp và khả năng phục hồi cao"", đồng thời học hỏi từ những thất bại."
PQ3 là gì?,"PQ3 là giao thức bảo mật mới được Apple phát triển với ""đặc tính bảo mật mạnh nhất so với bất kỳ giao thức nhắn tin quy mô lớn nào trên thế giới""."
PQ3 có khả năng bảo vệ người dùng khỏi những mối đe dọa nào?,"PQ3 có thể bảo vệ người dùng khỏi các mối đe dọa hiện tại và các cuộc tấn công ""thu hoạch ngay, giải mã sau"", trong đó tin tặc có thể đánh cắp dữ liệu và giải mã sau khi có máy tính lượng tử."
Cấp độ bảo mật của PQ3 so với các giao thức khác như thế nào?,"Apple khẳng định PQ3 đạt Cấp độ 3, cao hơn Cấp độ 2 của Signal, ứng dụng nhắn tin bảo mật lượng tử đầu tiên."
Điểm khác biệt của PQ3 so với các giao thức bảo mật khác là gì?,"PQ3 sử dụng khóa mã hóa hậu lượng tử mới trong bộ khóa chung, liên tục được gửi cùng trong các cuộc trò chuyện và không thể tính toán được từ các khóa mã hóa trước đó."
Khi nào PQ3 sẽ được triển khai và hỗ trợ trên các thiết bị Apple?," PQ3 sẽ bắt đầu hỗ trợ thiết bị khi nâng cấp lên phiên bản hệ điều hành chính thức iOS 17.4, iPadOS 17.4, macOS 14.4 và watchOS 10.4. Việc triển khai sẽ tiếp tục trong năm và dần thay thế các giao thức mã hóa hiện có trên tất cả thiết bị được hỗ trợ."
FPT đã đạt được những thành tựu gì trong lĩnh vực công nghệ thông tin?,"FPT đã đạt doanh thu 1 tỷ USD từ dịch vụ CNTT tại thị trường nước ngoài năm 2023, hiện diện tại 30 quốc gia với đội ngũ nhân sự hơn 70 quốc tịch."
 FPT đề xuất gì với Bộ Ngoại giao để thúc đẩy ngành công nghệ thông tin của Việt Nam?,"FPT đề xuất thúc đẩy ngoại giao kinh tế trong lĩnh vực công nghệ, quảng bá hình ảnh thương hiệu Việt Nam như điểm đến hàng đầu về chuyển đổi số, AI, Big Data, Automotive và Chip."
FPT gặp khó khăn gì trong việc phát triển thị trường nước ngoài?,FPT gặp khó khăn trong việc xin visa làm việc dài hạn cho nhân viên tại một số thị trường trọng điểm.
Lãnh đạo Bộ Ngoại giao đánh giá thế nào về năng lực công nghệ thông tin của Việt Nam?,Thứ trưởng Ngoại giao Nguyễn Minh Vũ tin tưởng vào năng lực của công ty Việt Nam và tự hào về các công nghệ do người Việt trẻ nghiên cứu và phát triển.
Mục tiêu tiếp theo của FPT trong lĩnh vực công nghệ thông tin là gì?," FPT hướng đến mục tiêu đạt 5 tỷ USD doanh thu từ dịch vụ CNTT cho thị trường nước ngoài, tập trung vào các lĩnh vực chip bán dẫn, AI và automotive."
Kỹ sư prompt là gì?,"Kỹ sư prompt là người tạo và tùy chỉnh câu lệnh văn bản để AI thực hiện theo yêu cầu. Họ không cần biết viết code, lập trình và có thể làm bất kỳ công việc gì."
" Tại sao nhiều người nghĩ kỹ sư prompt sẽ là một nghề mới ""hái ra tiền""?","Năm 2023, khi ChatGPT tạo nên cơn sốt, các nhà phân tích dự đoán AI tạo sinh sẽ sản sinh ra nghề prompt engineer. Nhiều người tin đây sẽ là nghề mới ""hái ra tiền"" vì các công ty công nghệ trả hàng trăm nghìn USD cho vai trò này."
 Tại sao prompt engineer khó trở thành một nghề lâu dài?," Prompt engineer khó trở thành một nghề lâu dài vì:
- Prompt chỉ là một kỹ năng: Hầu hết nhân viên IT đều có thể học prompt sau vài ngày đào tạo.
- Dễ bị thay thế: Khi các mô hình AI liên tục thay đổi, kỹ sư prompt cũng dễ bị thay thế.
- AI ngày càng thông minh: GenAI ngày càng được cải tiến, người dùng không cần nhập các câu lệnh chi tiết nữa, dẫn đến việc prompt engineer bị đào thải."
"Trên thế giới, prompt engineer được đánh giá như thế nào?",Prompt engineer được đánh giá là sớm nở chóng tàn. Nghiên cứu trên Harvard Business Review chỉ ra kỹ sư ra lệnh chỉ là cơn sốt thoáng qua.
CEO Nvidia Jensen Huang nói gì về kỹ sư prompt?," CEO Nvidia Jensen Huang cho rằng trong kỷ nguyên trí tuệ nhân tạo, việc ra lệnh cho AI cũng tương tự việc mọi người nhắc nhau làm việc. ""Và ai mà chẳng trở thành kỹ sư ra lệnh được. Khi vợ nói chuyện với tôi, cô ấy cũng đang là 'kỹ sư ra lệnh' cho tôi"", ông nói."
AlphaGeometry là gì?,"AlphaGeometry là mô hình AI do DeepMind phát triển, có khả năng giải toán ngang trình độ huy chương vàng Toán quốc tế."
Điểm gì khác biệt giữa AlphaGeometry và các AI tạo sinh khác?," AlphaGeometry sử dụng dữ liệu đầu vào hoàn toàn nhân tạo, tự sinh ra dữ liệu chất lượng cao và có khả năng suy luận logic để tìm ra câu trả lời đúng và duy nhất."
